suburb,HOLDEN,FORD,MAZDA,VOLKSWAGEN,HYUNDAI,MITSUBISHI,SUBARU,NISSAN,HONDA,KIA,BMW,MERCEDES,AUDI,SUZUKI,VOLVO,JEEP,LEXUS,PEUGEOT,SKODA,LAND ROVER,RENAULT,ISUZU,PORSCHE,MINI,CITROEN,FIAT,ALFA ROMEO,TOTAL
KAMBAH,1.197736285741844,1.19274240713709,1.0283091472820827,0.7723920149072895,1.0314132100574163,1.0799487411156248,1.0335656447819614,1.1377696207223755,0.7927044644787068,1.1746237022667672,0.7685400988075293,0.5602948333583988,0.7233209113958514,1.1069752167959064,0.8761200300549025,0.7410177021937498,0.5569113478258186,0.9250161655350791,1.043034885538365,0.5819236690128939,1.0244478706251692,1.2254991237662196,0.6558460257855806,0.5776042172303525,0.7079680622423568,1.0998069059440432,0.5627474771316072,1.0
NGUNNAWAL,1.1781751181252798,1.0462283838775919,1.0514502620590904,0.6699638021004629,1.2156367195392905,1.1305285449986773,0.8198668974287219,1.2264218947018064,1.004042994685542,1.221008607330234,0.7244163898972987,0.6607290325980555,0.7615237893085933,1.0643870844004395,0.5002531512773696,1.0183360991888613,0.6353816816779027,0.6061909580413961,0.8870919206468422,0.6553119589799881,0.5324512290108634,1.126905396192044,0.6249327657901419,0.31786587711489567,0.23239740864593578,0.9186728773304706,0.8043336168059432,1.0
GORDON,1.3346777497086681,1.177786837131165,1.102426364019533,0.6000344888418466,1.035692599459645,1.3125812132584591,0.8100097526071963,1.2544163243178208,0.7769966201441998,1.210164209050003,0.7078976844274746,0.627202575269383,0.5777053518733625,1.4183609173765075,0.4416122781768,1.0238204544889213,0.945221581089079,0.5064274135698382,0.7002366387809202,0.44994033846861525,1.0783179284308915,0.4373305455433802,0.2897695532825942,0.7430832862587737,0.37041916082386006,0.23428422082681086,0.37295434899679897,1.0
WANNIASSA,1.1647202083034123,1.1335496636286486,0.9704958052881144,0.7677555529173609,1.0820399928655624,1.261879787212365,1.1255645695861494,1.0357585510325398,0.8837789491961878,1.037500218826042,0.6895340728024976,0.6341322397708428,0.6710799963513637,0.9519003632558126,0.5953219243937394,0.8079080290991751,0.8464460428771025,1.0509939435611484,0.8713516579630862,0.8448356732863753,1.2517475682938257,1.0106569230259745,0.3662138499701763,0.47809571212359936,1.1235352406184713,1.1054060095596596,0.8484186265658876,1.0
KALEEN,1.1134859959978596,1.1566142700692246,0.9930561360507936,0.8493663813845611,1.0225720988081648,0.8779841907359526,1.084461884233039,1.0165670804522298,0.9045735568738952,0.9391572687751032,0.7973628712088682,0.7354359695716716,0.717713870663921,0.6101080309403917,0.7032544934887827,0.7688082945243686,0.888806854850024,0.6791332040985877,0.9435513489123706,0.5117976308737718,0.5935963401730326,0.7959268124467525,0.46144944443921765,0.43030478496604735,0.8651596205284122,0.663272343705627,0.5939187716451528,1.0
NICHOLLS,0.9536883319524406,0.848479213103856,1.1546116135115174,1.0998526689619763,0.8698745689912923,0.8162928097784695,0.7340349370572969,0.8810911182327997,1.0730044728565318,0.8679195200934331,1.8672262585076467,1.90995307256293,1.4252152119429007,0.7225089198683553,1.1761850825078093,1.364189184586776,1.686134398066978,0.8320706703504435,0.48042991557066483,0.9316200353296484,0.8460094996350483,1.462748439596958,2.099929355853831,1.355675944608751,0.41298285321666384,0.5224101569989136,0.7276663657057111,1.0
DUNLOP,1.3064727420132347,1.2711190828060777,0.9822318241678398,0.6130733738853944,1.1600585668027592,1.1729345219678218,0.6517785371409975,1.3416243925313327,0.8653534971644613,1.329388383838384,0.513694155958458,0.4150442832601641,0.43023684210526314,1.1983560209424085,0.6011263131565784,1.1945425152749491,0.5986830947136564,0.4353809782608696,0.628462383305876,0.8249495412844037,0.5591677524429968,0.9476171974522293,0.3380886262924668,0.945809917355372,0.34574924471299096,1.0934044585987261,0.21757224334600764,1.0
HARRISON,0.8356614599718827,0.7969174226065424,0.9961015420391935,1.0795485079669938,0.8852705790619347,0.9682595998866433,0.8851871629967911,0.8677560367091582,1.2268468039338924,1.2829795527469945,1.3385294924329572,0.9043696973401293,1.3194076425410577,1.1083331214830057,0.8193220044727194,1.221101472297418,1.2239879268359957,0.7311717352415027,1.156383633989856,1.188273855438353,0.8574000804134885,0.44708590180372143,0.08640138673459412,1.7725375399794006,0.44179561041782633,0.745143169672869,0.5560241332635002,1.0
MACGREGOR,1.2142591495338817,1.2335572641138122,0.91703814304234,0.6289544743630616,0.9793603784882661,1.2033183092770678,0.7976185520283339,1.1711724977587048,1.0251626085437382,1.4061797767363298,0.4960008747543309,0.4818213625676505,0.514945352609531,1.112312773624776,0.6460645044245642,1.2852658444459883,0.4525621050467024,0.861414019202248,0.7414534401659475,0.46162859919386534,1.0995005818747476,0.8226006014934419,0.08671162510707021,0.7277326883985934,0.620734730184903,1.4021601161820032,0.6696247551044092,1.0
BELCONNEN,0.9232985085216344,0.9899395781754333,0.9595303348016935,1.0088789641519553,1.3584226665691033,0.9825431649354903,0.7900044778580468,0.9111643298456709,1.2973485880140065,1.0839057598395911,0.7524764249082818,0.68773837871004,0.8571064801812429,1.4311819124941096,0.5193447844519912,1.3059527199299232,0.9752182074198751,0.7301708737413577,0.5701099528388416,0.5202456600706922,1.2432580764029633,1.6336886254409995,0.9020507638539669,1.1776359696705094,1.1992369747248885,1.1669204467435712,0.928803600196404,1.0
GUNGAHLIN,0.928343182817762,0.8683436634654057,0.9875995844452571,0.9704161096020092,0.9088325451859272,1.1683532199228959,0.8056721081855547,0.8229021465690539,1.1621995802422613,0.9948277960326153,1.202514077689838,1.004891906204352,1.3037480063795854,0.8281550762784599,0.8465243026770779,1.5317511482701776,1.1043903286353263,0.8515509667127006,0.8948533387706887,0.6982048293256429,1.2249019768740343,1.3572746108929057,0.4628814708275832,1.1222644145326612,0.28402183300629047,1.0977956411633798,0.11915237861227142,1.0
CALWELL,1.2659301872876998,1.2349436471849506,0.9779448213407539,0.6431036143381422,1.0854252745098776,1.2883445251858898,0.8416534346253438,1.2148048662540156,0.7730762989368206,0.9951671346782205,0.8360292364192542,0.6581893723344214,0.7500812862172487,1.1841142089498335,0.4882045912097607,1.2588254296495534,0.8240155099137727,0.6718296586499245,0.714567803645112,0.6821640736239836,1.1655950875256706,0.9116883869309068,0.6727175622647151,0.7169300112604676,0.9828005819016229,0.4144038122413212,0.4947634868584596,1.0
FRANKLIN,0.7603628495205264,0.8886685308234257,0.9478700536751564,0.9784015086230289,1.0193352087893535,0.8829631248783186,0.8597331190558286,1.0788886018853485,1.4444283427815379,0.9506573284857697,1.2744830114470656,1.095645690836929,1.4549664271822333,0.9920031114207942,0.8157612576593227,1.195630206643493,1.2571527839677208,1.098954551649795,0.7522205784795323,1.1968489938062283,1.327937096140868,0.33237335114618827,0.4817449790431273,1.7070759408902887,0.7882570412379389,1.3502667390313898,0.49603247271817075,1.0
BRUCE,0.7298764240664775,0.6798145084156763,1.0230796931431505,1.3996454616520224,1.1626660521750012,0.951519209325824,0.8209080954329333,0.8131056924432318,1.3872629821405196,1.1867046064509832,1.3016310194078575,1.1080510994741224,1.2297429866937877,1.1199266931397593,1.0717112783444862,0.9148729055363697,1.7124802480367747,0.7511749107330392,0.9108150482693854,0.8151675309134424,0.7878772679349793,0.26410735714945077,0.6124793954573674,1.1422825088832995,1.357107542653648,1.2104920536016492,0.6569210245954337,1.0
MONASH,1.2389723416201164,1.164534501171639,1.0504394101946692,0.8210723730728078,0.9632926052105193,1.0585190864496161,0.8081884310527868,0.971284978894252,0.9879749443744842,0.9422332582271884,0.6602870522004638,0.6364388019004195,0.539700236935282,1.246934511277598,0.6949939309563735,0.8134861497856717,1.2240465797196394,0.8305555189021574,0.9536606726948043,0.7738525149308795,1.244480582068379,0.9733899075031655,1.231278760397451,1.052494596955902,0.5246574274855704,1.2167373843789566,0.6603102984704329,1.0
CHISHOLM,1.4163226337137045,1.3797598589423437,0.9351101950023889,0.5500525504269395,1.0023887178838522,1.3012582980050065,0.7723773018879942,1.3628633381116202,0.7980067539456467,1.0777756214169756,0.5283497170039574,0.5063059265143813,0.3323980888482261,0.9397642302515291,0.34919258958543015,0.9596217738133614,0.691885889783202,0.6828612912208123,0.6516535843976756,0.4116857063716562,0.6821198565940796,1.778435634601974,0.4124289433271934,0.5768892451084916,0.21088700500944857,0.6669133629757402,0.9289452292906699,1.0
BONNER,0.905424397949648,0.9119892411955388,0.9254701847178922,0.7917910599963891,1.1278841863295685,1.0436896007684895,0.6460895188116382,1.2821955285196311,1.2335623780799592,1.257447672922036,1.1380582961146284,0.6170365699777823,1.0567684178207262,0.9811532256206393,0.49217178438774195,1.1807934281606842,1.0835367808271985,0.5728948352044425,0.9261957138066332,1.1052440333170899,0.6867273594633058,0.71617936086704,0.10380369244472422,0.29039297431850536,1.0615573985661373,1.007127226219275,0.2672057026048605,1.0
NARRABUNDAH,0.8698035834383498,0.8808864052710171,0.9300892924918532,1.406008848572622,0.8521682105459657,0.8493016102809544,1.2139962209971136,0.9001170027046848,0.8679891430294264,1.1171928385950527,1.1769757329680322,1.1016259217755375,1.3053516324636931,0.807186448827839,1.7252497712570924,0.8242425779654946,0.8526592920114224,1.912585566073052,1.0822230462831812,1.291433923513547,1.3755664266740386,0.6276204354400232,0.7277430455249899,1.0664113459316413,1.5947843390820615,1.12075077757147,2.676165354809442,1.0
PHILLIP,0.8415683416282966,0.7232541011698878,1.0007833220836344,1.4204835987357582,1.0924184130108543,0.9427874888882077,0.8475138873040834,1.01499757025731,0.8802799838470858,0.7975870156675111,1.3720963310976844,0.7980320258220527,1.8115235457063712,0.7773502126119117,0.850775852322446,0.757695169395875,0.9365093220223402,1.1553674787993,1.828961734698215,2.0432186781037864,1.0964073577313662,0.7221659994872908,1.256056815947245,1.3664952366331484,0.5352155490913173,1.128384374198892,1.3471965532260535,1.0
PALMERSTON,0.9910185546689119,1.1544950614536815,1.0663023851429239,0.764094380942207,0.9510511012561201,1.0059472744149416,0.8876132675711635,1.0964607064764793,1.1186327674985521,1.2406457249260279,0.7884986549174193,0.8274407561008057,0.7786272815878079,0.9726915754402664,0.5421413358194249,1.5818344468102616,1.0344072609353447,0.31412768994290735,0.5554591771642843,0.7575294226670375,0.5883499078735235,1.2885237727594416,0.2134397893260523,0.4975851837938615,0.7639661341511794,0.5752338271247507,1.7856307850366788,1.0
CASEY,1.0263175371072386,0.9472258009015322,1.109748909839031,1.0306183391986703,1.0597929391668042,0.9001422067850255,0.8225268206691057,1.2526013336399073,1.16537989691826,1.1019922773974251,0.9089835965295431,0.8884931055023333,1.294219501725397,0.8341183131833912,0.7640626795762038,1.5183254086748639,0.8410579826392244,0.7115037095370331,0.878689064679331,1.0962151226011083,1.0068691655048134,0.8338642200943573,0.4297281554400595,1.1019922773974253,0.5493314977962995,0.4632579000524208,0.41481838578838437,1.0
AMAROO,1.1496646232521577,1.0448118213195194,1.0842408140938349,0.9066909876958245,1.0167215742529727,1.1457305466742747,0.9592913802093606,1.1246304104108578,0.8225541474902124,1.1697073764040926,0.882067664234313,0.914287403392777,0.7018244258424555,0.936990725601184,0.7372842892792179,1.3507618786580864,0.8521601646380035,0.7208957417620874,0.8498203508965483,0.7243600725438188,0.7201130102292296,0.4693730236525976,0.8708013555504617,1.1165388592948156,0.44526625204506237,1.0560893032183445,1.4009803177463465,1.0
CONDER,1.1286352230365724,1.2616012126222957,0.9836261395718722,0.6945913913414381,1.063649002082024,1.191826702487322,0.9326261994863052,0.9773133786244504,0.7973446857341918,1.2889085981768909,0.7206294551943936,0.6393493452017933,0.6902444729710455,1.7629705302288625,0.5585378054881099,1.0611839120427866,0.7787747573510978,0.8495238600212088,0.6948852368260092,0.5853300514656523,0.909215857630889,1.1378517943141215,0.8795801659641412,0.8202145624762033,0.337316336305357,0.355578685723163,0.9905728152338559,1.0
EVATT,1.2235509902126342,1.2204844910604307,1.2339893903681396,0.8617574937513276,0.9564156118997889,1.097158410190334,0.8017404426671481,1.2156805264708985,0.9273660625655861,0.9479741972892658,0.39422443955217223,0.5557292905945137,0.6174305627081402,0.8747667658232099,0.6348676621415731,0.7982241999832603,0.3699761631766339,0.7708730395076434,1.106880909932071,0.5381275546538836,0.42554623473591835,1.6166884797719803,0.6616215778717549,0.7197944576524901,0.5638441694601939,1.0698673763196929,0.8515547684775249,1.0
WATSON,0.8430099244858126,0.8467614558875699,0.9861662521565474,1.2310032373358055,1.2060140495323062,1.0404255723298856,1.5100769034220654,0.9545850151598809,1.0010968137787282,0.8782964245209813,0.7407174367843048,0.7171515417288665,0.8286461393141422,1.1802587205604809,1.2404820269622665,0.8034653306463153,0.3724054222913853,1.3068371920408803,1.1141486769047046,0.39393519550380407,0.6731062898744763,0.382894973464207,0.5549714811104183,0.9315265108555862,0.7945649090580882,1.0768921128680822,0.8571460670230109,1.0
CURTIN,0.833660836255601,0.8750527204678978,0.9533558123777696,1.4406765889210291,0.8856223422059329,0.7679841178447314,1.3935851409069577,0.7431032156103708,1.1120515613198294,0.7108736370325774,1.1873465752578307,1.2151871660457925,1.1776902521203672,0.6802399362019348,1.8956995053818302,0.7717929350831525,1.0433654491349886,1.3180881082637488,1.2486007615348529,1.787970107539948,1.1109293094893975,0.7723828405112414,0.8955990100462696,1.2527283673581084,1.7172975730777695,0.7241089129792888,1.4408757837483948,1.0
BANKS,1.3656391425826984,1.3498988967261263,1.0569561671475753,0.5238116010529089,1.094086767677152,1.3278504022277227,0.7234993414209914,1.1932875432342565,0.6055803913554386,1.3836172536172537,0.32667354909917845,0.3394743426381144,0.4069807965860598,1.3880571671147588,0.6576027878804268,1.5355029036164476,0.6812894392189547,0.4202519095182139,0.7643461418584978,0.9121063724274735,0.6926627564046131,0.8865441556205889,0.5710956525210588,1.1716113841113842,0.2336143545358047,1.108180194525736,0.14700827253108623,1.0
KINGSTON,0.6434267219830859,0.6047694460598523,1.0739973273525756,1.799365277924114,0.8156522131357049,0.6936990080986255,1.336617368616866,0.6834147706249633,0.9644567904795115,0.6184213844408019,1.718320991620852,2.348049635204228,2.5659062705306956,1.167409768766959,1.071951024055717,1.6971951436537285,1.9229181814293659,1.3371121781342339,0.8280711014432485,2.0283086691521715,1.0986883716517504,0.2022014717704533,3.6341010454460716,2.077021316429966,1.7982797055113955,1.1373832787087996,2.414116431023663,1.0
HOLT,1.2714223399975677,1.2767904076400136,0.9306414421065898,0.4777483703710032,1.3068309580379867,1.2370890919630937,0.7127193072669414,1.240214581451334,0.8536626593884298,1.008939819543752,0.39610697198823597,0.6596283330938446,0.2014217425586438,0.961762456615095,0.3618336555918409,0.7774838240005493,0.6195715054694848,0.8298794730092818,0.6178703206658893,0.6319838161014328,0.7199023030047944,0.7166508623774422,0.11871089406336614,0.22139745256445972,1.2140071794697715,0.2559467365633722,0.6111579869269876,1.0
O'CONNOR,0.7273198703366546,0.7931791008500934,1.0124013854543805,1.3869276158278716,1.028791718394703,0.7408881513151315,1.5115457725904393,0.7321471170051612,0.966260862291108,0.5480883874823269,1.1772975308444416,1.150536670387787,0.993331814384446,0.9263729289907299,1.941382307315274,0.8828843424057274,1.045774373692876,1.6603892182696531,1.3603081889737574,1.8938235566675934,0.7396398841838581,0.42074245641124625,1.4635871268072154,1.9334738570275762,1.6214791418718912,2.235194299684746,2.0407208971847757,1.0
FLOREY,1.107956246022247,1.0512449871344396,1.1824352817514892,0.7663870764403391,1.0879244459312318,1.0525346307566537,0.9089021802333176,0.9739365064714528,1.4668289947567101,0.8969148364377723,0.635764668644395,0.4008153387350692,0.5262835989055207,0.8795273548201162,0.4622028445415368,0.5987413815654254,0.8788008729741745,0.5021431990426805,0.9686392696824511,0.3852975338776197,1.0259958760421959,0.9629984222520891,0.24813844131557194,0.9255632218768166,0.7612827406524572,0.5349991234733829,0.3193721003244149,1.0
GRIFFITH,0.655637549330242,0.6472628883208525,0.9331942247191065,1.7592372329325683,0.7928858432004,0.6118819784871049,1.1682624847327097,0.5791316276755701,0.9907091663719638,0.8436976830665787,2.3308112731869755,1.8545614302027975,2.047207613323316,0.9217793442188752,2.0216047167084668,1.2696022775090625,1.7991978804317248,1.6355408649919967,1.2276500350077217,2.1411162194390645,0.8402220171945856,0.32859638124679974,3.937170328725195,1.894935972662904,2.337898724580705,1.232236429675499,1.471187220220938,1.0
LYNEHAM,0.810126856931046,0.7266816476240247,1.0073812132951023,1.0222594731905463,1.0047255722997435,0.9444265320127054,1.2731962408464261,0.9896553131164806,1.2848259501386405,0.9181415962783357,0.9535137026673991,1.3129638443913612,0.7757839376804144,0.9646528020895205,1.3333988557013292,0.7004702220739656,0.8049043149299822,1.6355408649919967,0.8026942536588949,0.8451774550417359,0.9802590200603499,0.8762570166581327,0.5080219779000252,1.3027684812057465,1.688482412197176,1.0953212708226658,1.471187220220938,1.0
ISABELLA PLAINS,1.2408471046246092,1.1862108774158928,1.0310389802178836,0.5453513413442926,1.0305214086560108,1.206982620178908,0.8059416172996959,1.3453146653982235,0.8995850766605441,1.0752217695917428,0.6326615268523601,0.451780751396901,0.5053209431084413,1.6610139809892768,0.5262363085027769,0.892690411317932,1.0137148492399997,0.6669949877608112,0.7702334839443903,0.4021201761074354,1.0707923256281056,1.6750738546131385,0.12948626054862764,0.603734148701246,0.5296809570478604,0.41876846365328463,0.8332908592340392,1.0
AINSLIE,0.6540794601931752,0.8149973185706534,0.9528818665908176,1.4989828709275763,1.1433471575379879,0.8149446273741299,1.685788095405506,0.8757962348985789,1.1222550696600133,0.6334538325332342,0.9736300255084833,0.9552227462834618,1.1882260311307613,0.569113495616246,1.449370254747627,0.7599510795391071,0.3867696087625826,2.3380643251446775,1.3981901891730266,1.0356098436460763,0.8579482200889862,0.6710575887065446,0.5187397411468612,1.5721172389233904,2.2545980667897374,1.6776439717663616,1.3353110447012357,1.0
CAMPBELL,0.7782642050740166,0.7416460036124123,0.8922614163949569,1.5997547865421071,0.797949213648892,0.7599198890173788,1.4372099103280058,0.7651180267315595,0.8928533813087715,0.8042380053110552,1.779200138786143,1.8391518514471725,1.7519618278051714,0.8713946263952422,1.7012005796542515,0.9619540503306315,1.0923687459206104,1.3861548744818675,1.0893693808851337,1.9808941073125668,0.8461748902012607,1.3236977900218447,1.8139298975658555,1.3011554785463915,1.7123363337003263,1.3537818307041596,1.6163022617532552,1.0
THEODORE,1.3863293924582176,1.207685084505066,0.9651242190590353,0.6972993499821455,0.868678858324702,1.196978254468579,0.9482443415829659,1.0771823807463612,0.8639957894952544,1.0175594196133348,0.4827182953455268,0.4860550577557493,0.6627525167218431,1.4894903371739696,0.2449727217053114,1.1469562959109065,0.6471812387959262,0.6387397443768488,0.9681063670950593,0.5776283402621569,0.7178019928664914,2.245760120356819,0.43400337136388545,1.6188445312030328,0.1479457615374373,0.9357333834820077,0.7447915904013954,1.0
CRACE,0.7563702476923104,0.7835133579017274,1.0554306131480713,1.186254696961539,0.9802456231909444,0.6978705341613853,0.7579747953041347,0.8695423343351786,1.1652452526391324,1.0754710775276328,1.605375153456545,1.422602513316758,1.7696116898931133,0.8312748339666601,1.3736105413460802,1.3980893442723088,1.5120305463385542,0.6928574755038932,1.2386148085719921,1.5423221150444564,1.1180160717226442,0.7495489004961275,0.7242686938570411,2.0261566352942846,0.7406796159232882,1.249248167493546,0.5593116795527188,1.0
BRADDON,0.618076639864605,0.8048944442529188,1.0064600627697888,1.4902056112162017,1.1062765088347912,0.8104251281202064,1.1393010143686952,0.7558447281866663,1.0338101387150882,0.7704661047090625,0.9753237564800881,0.9230043363828706,1.4139238942426489,1.557219846127375,1.2599059212704944,0.8720037255098821,0.33284827356207736,1.095022581139008,1.1064478579328803,0.7922050652539088,1.722787969674726,0.38500156992912893,1.3392595231655813,1.8039214973033797,1.5217836475043616,1.2833385664304298,1.5321988968028706,1.0
BONYTHON,1.1228502548202015,1.0715057199418279,1.0765037796266792,0.6484689719369531,1.0154275932422177,1.068990774821202,0.8125174737386985,1.2212711325899226,1.1623040109661382,1.106280077104229,0.7280208226582249,0.7894419342472562,0.42979440668661517,1.7101766967634948,0.30277721496270393,0.6677080350675312,1.1109611833892166,0.7675292697415065,0.49855984572524314,0.7932524937227328,1.067897867160123,0.642517678036566,0.8940201664851479,0.5557866416073877,0.9142774210127569,1.606294195091415,0.7671123608497404,1.0
YARRALUMLA,0.6180140181179116,0.6700359359242312,0.6680532782859431,1.6199948452016255,0.4927849260576142,0.4787167525761885,0.9575267262962981,0.6401044812850974,0.8584856122663306,0.7466500107457555,2.857428207250497,3.660104961560798,2.7207648998382483,0.5817753394477244,2.5884365054867864,1.2397950340165533,2.4581985971818665,1.4336253083564598,0.9471507549822598,2.5264412128310236,0.9088128364174002,0.5169761033563717,6.743789088280588,2.2359572514311394,2.145607015062887,2.10021541988526,2.7003647223795273,1.0
LATHAM,1.358532853052934,1.2026187311690997,1.041745028319469,0.6285642688637845,1.0401829386305153,1.0630796297744898,0.950028696509935,1.295095658212064,0.6232256724714491,0.8797601295118226,0.5274954374468298,0.335309626490331,0.4402724644568532,1.1335626125221105,0.5686242669867666,1.1049008565005312,0.3983159475343324,0.6177608204926882,0.8511905868702608,0.6094435355271606,0.6731891677267078,1.4479998849764921,1.2210875893181643,0.2846681466833324,0.4682834014171435,0.0,0.7858139714528491,1.0
FORDE,0.7414259138628735,0.8858631646228308,1.0668028660538122,1.3631301551670878,0.8040790965754635,0.6918492365656057,0.7715430625290258,0.9830769388861673,0.9603398374504716,1.1973530027202344,1.7451298825072243,1.5838244529206382,2.052605147520402,0.7522636666305137,1.563327332216014,1.9752666643653563,1.127463455204626,0.5270956153279293,1.242722226876026,2.1891316366903366,0.614277191949306,0.8236568426355753,2.54680697772103,1.9296184754582288,1.1394749119543015,1.029571053294469,1.4340919994557941,1.0
FLYNN,1.150417638581302,1.3476309555520585,0.975359969834912,0.6598435334280961,1.1072175631016332,1.1831084152550326,0.9266993419066315,1.0173455109242333,0.8202402816724751,1.1739910957920436,0.5537452104003451,0.5590519155911415,0.48936891993015713,0.9465687369213337,0.5426552138628556,0.7180234746768854,0.7168068981355826,0.8843215536781371,0.8935484122832359,0.35542849689116923,0.353344551306791,1.381869773900444,1.1216210350934916,0.298834097110702,1.1470354090004438,0.6909348869502219,1.031148072729894,1.0
WESTON,0.9405086515848216,0.895560857524461,1.078481336267633,1.1144906030619934,0.9969301237794087,1.078628281676335,1.2586190558784476,0.8452274308881573,1.0493055936696511,0.8017336621810682,0.9204699717597031,0.852567229322715,1.0375376804696177,0.7061774788536664,1.0899595442652312,1.1648526402421115,0.6598876767304012,1.184146265753368,1.2563265158898995,1.6419747695505418,1.3307181162374981,1.2490103287182022,1.2873436508042524,1.20045682037807,0.9873848016553763,0.6938946270656678,0.8284521402989343,1.0
FARRER,0.8560263543935519,0.9174130353835087,1.1626832754585055,1.3502222562318698,0.8156953117586101,0.9816958936431252,1.0056370871992246,0.8750491347797944,1.1027028307991826,0.7962459698235976,1.0295834615613773,1.1375116122442706,1.2999763149435788,0.6328279487917388,1.4353936852707936,1.2923996449102162,1.823122655576277,0.8996713974256845,1.2120778848715061,1.374072173613016,1.2581723777245184,0.9840991591373941,1.6301283813522989,1.2160847539124038,1.500358342534676,0.8786599635155304,1.0490464963645498,1.0
DOWNER,1.0307030998329338,0.7947847265603162,1.010743652191648,1.0230280893358024,1.1306613711527869,0.8697031874240055,1.4001687156627227,0.9194819258906923,1.0637475857254983,1.1257760563023722,0.7068375038988071,0.7226730693884931,0.5463324979114453,1.0869442366824567,0.9182977453639101,0.7594132990316933,0.6317721616817374,0.5611784897025172,1.6380974401957669,0.601466970177738,1.1211383507629007,0.29230528550676055,0.0,0.9481803682760621,0.8665394604335612,0.9134540172086266,0.8724701487559203,1.0
GIRALANG,1.1133805617984378,1.1520985431068451,1.0545381650331447,0.8661557363426774,1.1167481599055527,1.1648980592119984,1.1036789464395165,1.009541572938056,0.9624007466491461,0.8294395486761132,0.4451904720688619,0.7680113095300295,0.5474301021262347,0.9458216424170547,0.9201426428935212,0.9950740654738586,0.5697372758912905,0.3748706134125303,0.8838245470901319,0.8286785949617315,0.7489271755472918,1.318016424227495,0.1698084511765278,0.7917377510090172,1.56290467223351,0.7322313467930529,0.8742229767795385,1.0
MONCRIEFF,0.8951237415683214,0.754660459385675,0.8003529429663832,0.8794064615289499,1.2159943048246953,1.1285487015363953,0.7597039844289327,1.2041096026798292,1.155737897186697,1.4147760110024261,0.8423657555387619,0.4678563540869829,1.1116097229304776,1.0766900457703579,1.0509966865125577,1.188584734294299,0.7069984746611794,0.7612110059197835,0.8332494628226811,0.7648690754108792,0.9504806262842032,0.0,0.344812469446677,0.6430800050011029,0.8815636020219045,0.5575749406418797,0.22189927929220565,1.0
DUFFY,1.0076771789243135,1.0294315756114398,0.8577303929935387,1.2082860099393034,1.015769717215811,1.0435865112331326,1.2122116748466967,0.8501976486848759,0.8026026431439196,1.1850229615478205,0.867334179566245,0.4702543876804579,1.0290988876599494,0.9067153998978463,1.1737596117382114,1.0752092247852427,0.6460202268349903,0.9563908140752791,2.5125610403822822,0.9994263116068448,1.3374933425938758,0.5977950226406841,0.3465798321808988,1.1311582814774652,1.240514973342356,1.1208656674512827,0.44607328210355224,1.0
FADDEN,0.9335523069841516,0.9127695740243632,1.0963668364507002,1.2107263480006454,0.8497498981233587,0.8513622020487985,1.1650938542482006,0.8475807011197288,1.129259254191078,0.8026521680089416,1.2916048287375306,1.3102143596086386,1.2161124113282171,0.826167542876531,0.7696500784001101,0.7833658384530653,1.3033975827870383,1.157757070275617,1.429800665225364,1.5510943711279566,1.445625006315917,0.45228726312253403,1.3985051759771119,0.32602892704425096,0.5363225098960562,1.507624210408447,2.6999657912637964,1.0
DEAKIN,0.5482574671157142,0.6052941462559827,0.8061968485384768,1.5895371854025102,0.763240568996552,0.5529829889548039,0.8433811665243813,0.5790362244988763,1.0403719444851731,0.46421844683166913,2.076358164758443,3.2067313591979585,3.105648556581459,0.5941131954797394,2.9802251464097482,0.9100005195019991,2.6244361531599503,1.554122626349501,0.6543075307713441,1.9519888819374467,0.8732447981931235,0.7589133844169538,5.455881007322472,1.9694115926192024,0.5399519698797359,1.328098422729669,1.5856384210536734,1.0
MAWSON,0.8474227645278914,0.8762058186330203,0.9333602004192597,1.2189590924326514,1.053011008654648,0.9501444606801276,1.088441461750565,0.9850589685284638,1.0947744258444174,0.8072800266211532,1.0061730461981426,1.0446329630688174,1.1582713425433935,1.0006008980086907,1.399312302272284,1.3004013799939833,1.60729283216374,1.8507161668899874,1.001799760848899,1.275161111056947,1.4855678864054112,0.15492801397077238,0.17964326583021614,1.172630078194758,2.0208510583649844,1.3556201222442583,0.6936415834622984,1.0
MELBA,1.1976717490596014,1.2396269242619857,1.0305339475819215,0.624079093025919,0.9619059426225202,0.9059960100487661,0.9926569252832735,1.1546447572861247,0.9774654945633701,0.9859188903965024,0.7731506172709767,1.0246856954015948,0.5809879175550817,0.7908736050488023,0.6713767331426909,1.3045604462412987,0.6718472614899074,1.1935512654120701,0.9380035571729491,1.03938205434166,1.092900724391074,1.2433881547675636,0.5406534535593819,0.8402717815879281,0.5529039094557424,0.7771175967297271,0.9278134044605869,1.0
RICHARDSON,1.535666983902028,1.3676295672132235,0.9021196747872742,0.48615156680591226,0.8772530341949588,1.507999019241547,0.8031156406820146,1.3886354898437512,0.6108900313701112,0.8724452067848295,0.5429883790058222,0.3297273352613022,0.34016929115240935,1.1382151912429497,0.7407024266850407,0.5026015447873037,0.40767184772670606,0.4694134536505332,0.7453462227886399,0.32343035188802893,0.7033556634503103,2.8292945559427953,0.18225801956467214,0.5098705753937315,0.5591631989967508,0.39295757721427715,1.1728961905445154,1.0
GOWRIE,1.1114732119871424,1.2344850220528105,1.0162508203800624,0.971103239810756,0.9101793329975177,1.1828759693935171,0.9912981553475246,0.8903971080747178,1.0408147129703693,1.0405434025205889,0.6565410818397394,0.9255111379482777,0.8724701487559202,1.1468708200736948,0.621945953965576,0.6963324634291778,1.1638540392958243,0.810828236072078,1.1606583939380652,0.8147247457255481,0.9111913402112928,0.9502700346322444,0.5509320363266704,0.3424986121149273,0.3756102604160683,0.3959458477634351,1.418178663852304,1.0
RIVETT,1.0179060154685793,1.1828907954489578,0.9806724409550421,0.9546556881056518,1.0163858047046788,1.0294543253694541,1.225819676466103,1.0918720433905824,0.9493730084086245,0.9421122913168991,0.8619307576341461,0.33551519852425427,0.6608135808528453,0.9703794543064719,0.6280869452828444,0.8310639229666639,1.1062077564937498,1.0917789596699181,1.0342222435093955,1.316430724634764,1.124674579790266,0.9596528435315205,0.3709145653236059,0.5188205800084322,0.9482974347586147,0.7997107029429338,0.9547876833615255,1.0
HIGGINS,1.2924764373455693,1.350433784292132,1.1218180403287452,0.6272741639867614,0.8162428731174579,1.101667367487024,0.8716358662206543,1.1498102523095923,0.8622674872102352,1.073055444310951,0.6655793676580177,0.4330394794042983,0.6317721616817374,0.9741199037448778,0.5674571867431514,1.0909650134132447,0.485831400764618,0.9589889389005938,1.0382087829942885,0.660752536070808,0.5131862632553201,1.605586576503269,0.18617215104210727,0.5208204390723414,0.5711716597681569,0.6020949661887258,0.23961700809031677,1.0
DICKSON,0.938623838219952,1.1003763733618022,0.828756482976609,1.112568406150753,0.9902677872762573,1.0979641568808043,1.010509359908523,0.8320151271512141,0.7529574805259511,1.2984540868261798,0.6246470964687132,0.8466835643822198,0.7623244156903888,0.7583331883831093,0.8241989211660093,0.7098272786119137,0.4885214971143667,1.0331774519716885,1.1831517736655472,0.4983083909902771,1.4448779132893972,6.2964597837357426,0.0,0.6982723642343093,0.7657790580575657,1.6144768676245493,1.2047189554042506,1.0
GARRAN,0.617861043129596,0.7273912158952683,0.8940444347316336,1.5013504269006113,0.9745836707786161,0.6779258435346864,1.043755069783427,0.8230326209858241,1.2119796879054079,0.861447998295945,1.7663092564130567,1.7456153043245413,1.7190373269466674,0.5383450228851789,2.22392272717935,0.7760759147451011,1.6087050853921487,2.2090044877672153,1.395033037304941,1.6647150464825016,1.1377812202872668,0.32361212241175763,2.063804045070552,1.5746003063629945,1.1512183508756635,1.0112878825367426,1.9318290197203785,1.0
COOMBS,0.8433717123072446,0.7406556098130749,1.0895043011328567,1.1440252456417745,1.0837617402865838,0.9130212033254896,1.1691094836609819,0.896968611394776,1.1433642459331848,1.1478439099515334,1.309868154646556,0.8816140073970916,1.221898355754858,1.087553510357727,1.347816845642552,1.306510461856009,1.2010399587127873,0.697278953012283,0.9863759379240206,1.261133624058913,1.253739355253356,0.3268772671446117,0.0,1.060325019456695,1.3566394131115116,1.0214914598269116,0.7317452130471108,1.0
CHAPMAN,0.8448528173305541,0.8485191829179273,0.9401006270056881,1.4309778051629403,0.783281803475263,0.6805639898359536,1.2000767703153308,0.7060092388879616,1.1414121877051495,0.8775179722607649,1.6170556123677062,1.7534821404582819,1.3295429075798597,0.7419362158247972,2.135957181530279,1.119950516878718,1.7099633183336116,1.0547871556025266,1.2789511474851065,2.0349235819749922,1.4750986497459873,0.6592979588309635,1.3378294991787831,0.7128772695348573,0.5863469384618275,1.854275509212085,0.9839332655557156,1.0
GREENWAY,0.8306597454127213,0.9473401159352516,0.9609869380856818,0.7538201146341189,1.1697823828602856,1.2954638070514368,0.792211170659992,1.0515490520536408,0.8881893118399247,1.0116433764760482,0.891264759595603,1.0408012596308263,0.6182265078464738,1.586026119606137,0.649462564521058,1.454280278131726,1.072364261958366,1.2700522824237341,0.8555358592933082,0.6806163389135492,0.9515049672881396,5.623104797482577,0.5753067945986389,1.0729550962624752,1.1766848940884547,0.6201953820752842,0.9872818756483613,1.0
HAWKER,0.85159238396453,0.9998437147007785,1.083817505978171,0.9736152835897082,0.8813360431549928,0.9381962955910976,1.252093893083235,0.9229097090295829,1.1974773668535483,0.7716009093786872,1.2855984686296253,1.2944850939888162,0.7844774328984856,0.8128856470915807,0.9133923086899576,0.3984298570856616,1.1490693675715702,1.204961600396383,0.7878160930330068,1.1965080111869104,1.5930705197806176,0.49841798682563015,1.1558585514272368,0.8982050497202013,1.576064933164631,0.8306966447093835,1.4876734587761204,1.0
RED HILL,0.5058361484566912,0.6118248270421047,0.7147727833122044,1.786123740167079,0.600157647581816,0.6189025752503617,0.8857571605845729,0.6150713547421582,1.0390381736999943,0.7381679256750889,2.816818339319372,3.905710040029293,2.301171266274569,0.5559299319421733,2.0997180538693416,0.6678552045705216,2.383536977897833,1.7821570948050331,1.0084210161928095,3.0084119765516157,0.854506593991208,0.8354570839340791,7.362388423560882,1.6260342418716995,1.5850968238990988,2.2975069808187176,2.743031148201815,1.0
FISHER,1.01917259415168,1.110462999985737,1.0322387183802373,1.0353744620263687,1.0728950898481955,1.219610013527185,1.1331560593233676,1.2546659594072374,0.7687930856116393,1.1755186770112145,0.462568745375798,0.7523915945256464,0.6256792958285495,0.9827423494689259,0.9859378598598955,0.6690053570468198,0.7235278200660541,1.3567719512803873,1.0823117967380183,0.43051327694624975,0.7489809160162605,1.6737917468024894,0.38816145383750494,0.7239264579834458,1.5878266117703372,0.8368958734012447,0.7493877497566278,1.0
CHARNWOOD,1.492668633979247,1.6281351509120363,0.8546301292073496,0.5405058790629026,0.951601796740345,1.4557402595355078,0.8626401351853717,1.1186677042531088,0.7038886085518958,0.7841109414936861,0.4665864241138622,0.45535593201980645,0.298948587450096,1.3877892541313357,0.3978005215694124,0.5398528463117823,0.5108684561601311,0.2881171168903099,0.5094657421124645,0.4342525352868367,0.5396330365209387,1.3506636817278221,0.19576643097421353,0.18255354513711095,0.40040445247595935,0.21104120026997222,0.5039310789716447,1.0
MCKELLAR,1.2225218738587198,1.1288434026920522,1.031556513234887,0.7437731381456492,0.8790022673587685,0.9247942441516351,0.9294909906993746,0.9853538513183216,1.0283890329179957,0.805100335918676,1.2860914536986419,1.2171014812895427,0.8656341957621855,0.7948634580498521,0.7974480565877832,0.6763826651047941,1.9750671786991751,0.43317898508667896,1.240146316448043,0.5223127998423914,0.7572401367964746,1.3537992909715317,0.7848836361984138,0.9148867453621319,1.0033350107747852,2.32684253135732,0.7576514568055982,1.0
TURNER,0.7109628516272295,0.5993981918914423,1.000720597663944,1.411109570058031,1.094430786755245,0.8261483108957677,1.4299419429302114,0.6800694982277711,1.1318014687409625,0.546244488595345,1.3326788614559906,1.2386685482940827,1.4908778147376711,0.9437732001909103,1.8936839949803608,1.0325522728667103,1.0422561415103915,2.7186053827781915,1.1878792832715908,1.6832992841543974,0.9908465784577615,0.1722235807991693,2.196677430134161,1.3035379841479826,1.2253369570454493,0.6458384279968848,1.7991798032156567,1.0
HACKETT,0.7246599083714025,0.7827744335821923,0.9449079597574217,1.3620942295253367,1.1349158164084792,1.1724948364041703,1.614451007969444,0.751914716190731,1.0543712516696655,0.8351522449054057,0.6549204807346563,0.6838715653071561,0.7252637916283786,0.9963110176695004,1.8612322416476148,0.6314669468862156,0.7588112357345371,1.4229360259665471,1.8918193356588682,0.9030152058282565,0.561075408833029,0.7021662186465831,0.6106356886679111,1.5184586271007376,2.081572815851842,1.7554155466164578,0.5239548304539617,1.0
COOK,0.8671371101598754,0.842540032018876,0.8666966939283278,1.0767373192979377,1.0570054725108595,0.9769592168444313,1.5984758728166706,0.6939565443782826,1.2127227778428116,0.7087614340833225,0.7163717927312865,0.5893042196730202,0.8441188808932202,0.6647620331641634,1.544454630748851,0.428721274791745,0.6182148191563782,2.0592601231573053,2.466069437864872,0.919624927578623,1.028512113629056,0.17877039993439217,0.207289163882567,1.546388583454522,1.907874434345137,0.4469259998359804,1.067184516718615,1.0
GILMORE,1.5753424723826905,1.4137416172938533,1.0011386788350105,0.5726709528476274,0.9983462444365943,1.2382408658810666,0.7311801293080428,1.1134060770142904,0.6572945055879637,1.0941885108756275,0.6179407626109203,0.5628627670948303,0.3871251749004413,1.3653486654032698,0.6322099700156827,1.0724607349468347,0.15464852301289156,0.4578941050946919,0.6940075398469796,0.8281702031856814,0.2286984672568494,1.4310406002110119,0.20741633514875263,0.1934171610133685,1.272696606305488,0.8944003751318823,0.26695980778651246,1.0
PEARCE,0.8333031515572381,0.9497310658675827,1.1513340063505815,1.3533252441896944,0.8427775912669618,0.8171387090632141,0.8021889687889199,0.8646440840257874,0.8621837041345548,0.975604662004662,1.2148905528549958,1.5055857400854538,1.2355519568151148,0.7023331990871258,0.9160020010005003,0.6454563684787717,1.240994916977296,1.3779090301003343,0.8508413804756475,1.1076245589273113,1.1470107742420446,2.512026653601176,1.4563817747983183,0.9700614536978174,1.9149188937950266,1.121440470357668,1.60668733547821,1.0
LYONS,0.7782821926112788,0.9120537082508111,1.0129460251403273,1.0213592981170743,1.090130213993213,0.9561182287921529,0.9363139400269717,0.8721580611681594,1.3940399513896466,0.7790656408905944,0.7752835936618201,0.8406921350625691,0.8189900573905279,0.850123983997452,1.0661103363599864,0.6510655485896985,0.7823621741496376,2.162040860389172,1.2483424125256382,1.3965626227939796,0.9255828718278448,1.2669284022662666,0.41972517230597983,0.5870949207668354,1.0730889035164213,0.904948858761619,0.2701083095543236,1.0
WRIGHT,0.8243385305439241,0.6896776874392907,1.1672043743804035,1.349868115892883,1.2331585908087328,0.7108525783569574,1.1565885495063406,0.9793995793544575,0.9435801710731564,1.2846634475241754,1.2890694001466954,1.0963330469792356,1.5834731118888816,1.145587401271347,1.2211444492635277,1.2429061884306478,1.0279178803774065,1.092549506300802,1.2616559765237159,1.4114569544047058,1.8709084146984414,0.548760079597855,0.6363023079531996,1.5822834251030897,0.8676267119522983,1.1432501658288647,0.8189670389435669,1.0
SCULLIN,1.0521945037867368,1.1022146478014234,0.8552841520166109,0.7950376059463697,1.1537433400990593,1.2233127658714362,1.0878572138211193,1.0664351041592137,1.2812574213221115,0.9543348053398305,0.45553723555287445,0.6586262098812443,0.28826589085779775,1.29040490410166,0.28768907066598626,0.5856318251133469,0.5541895878068758,1.0157847662224164,0.8684781678850045,0.6595073993822322,0.9366294010770465,0.9157491278046284,0.21236722757064497,0.3960678045876767,0.2171791738146928,0.4578745639023141,0.5466639280050443,1.0
HOLDER,0.9897268438623462,1.0296509025558758,1.0781871975979689,1.1007826182268206,1.1311977380271476,0.9630624886492445,1.2603289685386594,1.0368254749940262,0.9122427758427801,0.9818654604233352,0.6880600370020646,0.6079412917689412,0.6893948977440439,1.0467252374124225,1.0139174584129511,0.8845596447632336,0.7174869805816316,1.2588950306630367,1.3515320071094108,1.233321147340262,1.296825906994089,0.553272338316876,0.6415343952418725,0.997058736406675,1.0934511217994654,1.38318084579219,0.0,1.0
ISAACS,0.6240622723551001,0.7809802996829239,1.0441141097773194,1.312456117865582,0.6996104628050054,0.7343480297478874,0.9655084338724155,0.7967698036125512,1.4955342357562518,0.6207519131692819,2.088904094477356,2.265139179371227,1.3383906948187059,0.4807773438339446,1.3357125743688436,0.7552866701072976,2.858943045329055,1.3705169207360026,0.8960578375067577,1.2636945780589461,1.8119499431075718,0.7558639592819019,1.7528898317172614,0.20432273004004578,2.0166838641716907,1.417244923653566,1.4100599050292133,1.0
HUGHES,0.7304395972808232,0.8934868610031123,1.0339922602547078,1.1521325202426975,0.9009268597839664,0.7137123965159846,1.5619437356713481,0.5329067217053172,1.044918768636262,0.7945685725919797,0.9168665931587257,1.5055332977064333,1.1935482399105697,1.0017837812076607,2.6056623890618913,1.2123873414570197,1.7209424391194013,1.7793760954373268,1.5527679171406559,1.9504658737070664,2.0602192872845566,0.18958031358452124,0.8792942166254013,0.6149609345613601,1.348826702391382,1.1848769599032576,2.5463591548947577,1.0
MACQUARIE,1.0358295045379853,1.0294280343951494,0.9171165491763211,0.8789582421295976,1.0741283025951476,0.9835928905390539,1.217140125380014,1.058631725063345,1.0638488371614134,0.8634845183864792,0.5793295620190223,0.5996511832448191,0.7873615411076712,0.9324276540168133,0.3741838239381129,0.6093633108368942,0.4118906740376033,1.5447691105427677,1.6430389106035974,0.5881993164238173,0.6091151987396479,0.5717147495941052,0.44194591672217876,0.6181764165721385,1.8078391880417826,1.4292868739852629,0.2844081612366113,1.0
WEETANGERA,0.8069009879006029,0.8088714931330987,1.1148554345339363,1.1485667545944644,0.7270914278521764,0.7758096965272068,0.9378108448071906,0.9699835075320177,1.2127723495717948,0.9072517192857285,1.1857672972533946,1.3429542055851926,0.8253944213050612,1.1196449789240477,1.6474856133102525,0.8384225409896117,0.7418881074555654,1.627136235675491,1.0686737714815417,1.3733626943316073,1.0971244325238654,1.1441773275068423,0.8844699183583173,1.443355007954568,2.4874046382229564,0.9534811062557019,0.8537825114951247,1.0
WARAMANGA,1.0149911623354806,1.0137184822563292,1.0174008984689697,1.088234014065216,0.9803551968130314,1.2294911131738175,1.1823646932262992,0.9937958463195056,0.9129926352673674,0.8082317887873444,0.6128729944519419,0.6356846443695079,0.7208553791887125,0.981269102560551,1.2116428584662702,0.770772044957381,1.0003059226627509,0.7404438405797101,1.3300791181076739,0.8928025338575797,1.3560064543370731,1.3498820476527482,0.223603588817769,0.41702377308437916,1.6006909477453284,1.4463021939136589,0.5755879453598085,1.0
PAGE,0.9962727243655417,1.02849439750562,1.0885595076935162,0.7910624179166379,1.1757350339217156,1.13644854244715,1.0695207655788568,1.1866947943766089,1.0162613464125752,0.9596055146055147,0.2450051618243838,0.47231212888781127,0.46512091038406833,1.041042875336069,0.928380406419426,0.3937186932349866,0.34064471960947734,0.5043022914218567,0.7643461418584978,0.3040354574758245,0.3778160489479708,1.5760784988810468,0.45687652201684703,0.6390607549698459,1.4016861272148282,1.2313113272508178,0.29401654506217245,1.0
SPENCE,1.4095815926432123,1.3060800469191456,0.9526057842768304,0.7303767062909895,1.082878838665169,1.2019465057503715,0.8849674638710081,1.2188305287947427,0.8532402826598153,1.1435454339731326,0.711156266651753,0.4745566536007879,0.3504984457069354,0.8135478757246493,0.5441288193315938,0.8702973965873159,0.5989611838347225,0.4222490333244783,0.9386403552429919,0.81461412457881,0.8857601871692639,1.3856223055335746,0.45904769354034863,0.6420977035678017,0.9388981526489909,0.2474325545595669,0.5908275447277871,1.0
CHIFLEY,0.9377545853743157,1.0028928325938726,1.043717587128177,1.1285239479974196,0.9818901381063676,0.9440856968747429,1.0059106825682191,0.8784244322793918,1.2841613036670874,1.0292747418786201,0.8370444125117452,0.605109029392279,1.2712445934781553,0.9089232450097412,1.2687008324106652,0.7263619105110832,0.5237058708677561,1.2060414910273394,1.3927144228385062,0.8309741035350328,1.5489411425013762,0.403842828660656,0.0,1.3099860351182437,1.197192675598999,1.26200883956455,2.7121193768892917,1.0
ARANDA,0.7664255137481741,0.8782724990239221,1.295393108035397,1.2441040993941188,0.7888627741611246,0.604165365998766,1.6577665209181793,0.5935430277182049,1.0699227215188691,0.9555660462188652,0.8069902956233413,0.907483986512931,1.4894450517986362,0.8043226083759275,1.9536392825492865,0.9510000483480091,0.8415036471064982,1.9378975293510514,1.3054114786768936,0.6676149511338579,1.6592514909287737,0.0,0.25080758627037597,0.7016394045662997,3.077886451450958,1.3518848400083163,2.259652378964471,1.0
TORRENS,0.861281612094438,1.0522442470258655,0.9082891862409866,1.1661558440412443,0.8447741589559101,0.7264835027385718,1.1320513020251801,1.0380072669488067,1.0333139892324221,1.2297764882871265,1.1021508799394772,1.4275239305860707,0.6538553831386978,0.6504320565254061,2.0011441891158346,0.8855678814403953,0.9577397131877403,0.6616732192414431,1.4326650075361913,1.025773124006581,0.9914321851826183,0.6646835614581922,1.5414375058927057,1.6769679385733545,1.576364337597223,0.8308544518227402,1.3226276191246664,1.0
FRASER,1.2776191808846837,1.279515379808218,1.1594558904934817,0.6383573309137426,0.9815017321973064,1.1345557234224213,0.9723640020638751,0.9108842250788104,0.7661169071490671,1.3848884413757832,0.6056210575335507,0.3456398095104632,0.3630690650677326,1.038358517242141,0.905856409217267,0.9219994714996521,0.89742635783193,0.6888939529444138,0.4972012526154082,1.186636279177796,1.6220583536057394,2.0760844150608726,1.0699007161154013,0.24942244655996096,1.0941431794714902,0.5766901152946867,0.6885197574240748,1.0
STIRLING,0.948593780231532,0.8978561959154676,1.2469144442683315,0.9697787960449151,0.7900768600524728,0.9922057880043696,1.206695315197243,1.0765462407829829,1.2087958533487386,0.6941145252879053,0.8467195318157339,0.8798984712861808,0.45208775002304363,0.9993795521160941,0.8021033283717165,0.5102483940348337,0.7725655199549443,1.9606849158608086,1.320761576124433,0.656702389177204,1.1424910295099175,1.0212767856146887,0.2960495851948045,0.5521365542062884,0.30275765736689225,0.9574469865137707,0.3810372037583321,1.0
FORREST,0.5279210999144296,0.5099868662095363,0.7567552344373035,1.7902991563376542,0.5653306855763934,0.2484866249782873,0.8821062908675154,0.44506837902155855,0.5783482019478438,0.49252702463228776,3.4281618939092144,5.326976488750029,4.126248076331179,0.5005664247879734,2.310092765681086,0.613372279987137,3.2062437205348173,0.982062356979405,1.1025655847471507,3.0261306937067443,1.6349934281958969,0.25576712481841546,10.083344994687605,3.042078681552366,2.729599300365718,1.918253436138116,4.5804682809685815,1.0
LAWSON,0.7419822582358969,0.5888665284551458,0.9492226079754921,1.1125444051065043,1.0152719572474682,0.8569384635381346,0.714277848921641,1.2831476132802782,1.4488414716604372,0.8143960149439602,1.5085655220196457,0.9176658029304279,2.514626291756789,1.3549578840836103,1.5684965770556512,1.1707288266421152,1.7265554281576247,1.1360234266428428,0.6887258995132888,0.41093376900842027,1.021310963366204,0.5325562051013583,0.0,1.7275066983659761,0.3157527348977086,1.3313905127533956,0.3973922252895116,1.0
OXLEY,1.2871840506468744,1.1555353985494332,0.9089799004510558,0.7519604733047888,1.1486638216915788,1.380021964292437,1.0089999081215875,1.2057460838511804,0.6658975851799674,1.1302454199792604,0.7276663657057111,0.4568228052693421,0.3817056900807151,0.8679022422179311,0.5442027097198789,1.107801646364601,0.9584680323612671,0.5912289221358902,0.9558363244195832,1.1406146440157674,1.4174087514397888,1.1086483737376185,0.6427540423811156,0.29968628560056143,0.32865897786405984,1.0393578503790173,1.240906330870766,1.0
BARTON,0.5814783129492268,0.7251354756433881,0.7431450040990737,1.7273440236633832,0.8717563035554821,0.4276490828430669,1.2054979154850745,0.3393832455415229,0.9754387246620336,1.1488098375054898,2.296709686581341,2.2794194046324803,2.2724264768200695,0.44107882068273596,1.4381673928751815,1.1259974221986089,1.826645597905893,1.4422558286074354,0.6072100321795902,1.1593493772991181,2.521207257391934,0.5634290285854949,2.9399010981953633,3.046086690355465,2.338400688880132,1.7607157143296717,3.3634356459286203,1.0
O'MALLEY,0.4263762337247253,0.6290708441467837,0.3976445824271403,1.1769260202798013,0.37668686488458947,0.48918328668679834,0.49474611897752957,0.725832924178868,0.9196105177093107,0.45628871069891264,2.8686635785223635,7.05707601717601,1.6459645394037699,0.18192743600158012,1.46015196758847,1.8577162571342618,4.152173149756329,0.9253580834449937,0.40071990433955956,2.390927083231776,1.7826814636864934,0.6197120558830895,6.107871038227349,2.0102229911910134,1.4697098606290793,0.38732003492693096,3.6994217784655916,1.0
MACARTHUR,1.0503746625455106,1.058280100233535,1.0286339815080792,0.9103134843689734,0.9084974711247795,1.0186807842176624,1.157193523117339,1.2350972543441499,0.9246749517621237,1.0642024386558335,1.0663566946045295,0.6032985766000811,0.7261381301354652,1.1820049524337415,0.9223265257484901,0.8046540842178781,0.8702316197158109,0.8588807725021264,1.3017632795748868,0.3452032812153588,1.501409385155726,1.006586383059817,2.3343288351608753,0.7255925718107955,0.7957404941610838,1.6776439717663616,0.0,1.0
REID,0.5973844025347492,0.6002716224284493,0.7917857557524101,1.2709590093951522,0.870311713321553,0.6375643667206057,1.057495845776846,0.9459955424547297,1.2556243858078187,0.5032009849184365,1.3950740208529089,1.9363488940552926,1.4301501676629247,0.869404843052796,2.6959892688726637,1.1298963052394628,1.2219803653580974,2.239791340479345,1.3927144228385062,1.6619482070700655,1.5489411425013762,1.615371314642624,3.7461343633514326,1.3099860351182437,2.394385351197998,1.00960707165164,1.8080795845928612,1.0
